"filename", "language", "JSON", "Minecraft Function", "Markdown", "CSV", "comment", "blank", "total"
"c:\Users\Tim Fischer\curseforge\minecraft\Instances\Instances\Standart 1.21.3\saves\MINECRAFT ELEMENTS\datapacks\minecraft-elements\.VSCodeCounter\2025-04-07_21-17-14\details.md", "Markdown", 0, 0, 1013, 0, 0, 6, 1019
"c:\Users\Tim Fischer\curseforge\minecraft\Instances\Instances\Standart 1.21.3\saves\MINECRAFT ELEMENTS\datapacks\minecraft-elements\.VSCodeCounter\2025-04-07_21-17-14\diff-details.md", "Markdown", 0, 0, 773, 0, 0, 6, 779
"c:\Users\Tim Fischer\curseforge\minecraft\Instances\Instances\Standart 1.21.3\saves\MINECRAFT ELEMENTS\datapacks\minecraft-elements\.VSCodeCounter\2025-04-07_21-17-14\diff.csv", "CSV", 0, 0, 0, 766, 0, 0, 766
"c:\Users\Tim Fischer\curseforge\minecraft\Instances\Instances\Standart 1.21.3\saves\MINECRAFT ELEMENTS\datapacks\minecraft-elements\.VSCodeCounter\2025-04-07_21-17-14\diff.md", "Markdown", 0, 0, 229, 0, 0, 7, 236
"c:\Users\Tim Fischer\curseforge\minecraft\Instances\Instances\Standart 1.21.3\saves\MINECRAFT ELEMENTS\datapacks\minecraft-elements\.VSCodeCounter\2025-04-07_21-17-14\results.csv", "CSV", 0, 0, 0, 1006, 0, 0, 1006
"c:\Users\Tim Fischer\curseforge\minecraft\Instances\Instances\Standart 1.21.3\saves\MINECRAFT ELEMENTS\datapacks\minecraft-elements\.VSCodeCounter\2025-04-07_21-17-14\results.json", "JSON", 1, 0, 0, 0, 0, 0, 1
"c:\Users\Tim Fischer\curseforge\minecraft\Instances\Instances\Standart 1.21.3\saves\MINECRAFT ELEMENTS\datapacks\minecraft-elements\.VSCodeCounter\2025-04-07_21-17-14\results.md", "Markdown", 0, 0, 283, 0, 0, 7, 290
"c:\Users\Tim Fischer\curseforge\minecraft\Instances\Instances\Standart 1.21.3\saves\MINECRAFT ELEMENTS\datapacks\minecraft-elements\data\elements\advancement\items\customs\hype-o-meter.json", "JSON", 23, 0, 0, 0, 0, 0, 23
"c:\Users\Tim Fischer\curseforge\minecraft\Instances\Instances\Standart 1.21.3\saves\MINECRAFT ELEMENTS\datapacks\minecraft-elements\data\elements\advancement\items\shop\ocean\bossfrucht\stage_4.json", "JSON", 23, 0, 0, 0, 0, 0, 23
"c:\Users\Tim Fischer\curseforge\minecraft\Instances\Instances\Standart 1.21.3\saves\MINECRAFT ELEMENTS\datapacks\minecraft-elements\data\elements\advancement\other\detect_bonemeal.json", "JSON", 15, 0, 0, 0, 0, 1, 16
"c:\Users\Tim Fischer\curseforge\minecraft\Instances\Instances\Standart 1.21.3\saves\MINECRAFT ELEMENTS\datapacks\minecraft-elements\data\elements\advancement\other\detect_farmslot_placing_stage_4.json", "JSON", 18, 0, 0, 0, 0, 2, 20
"c:\Users\Tim Fischer\curseforge\minecraft\Instances\Instances\Standart 1.21.3\saves\MINECRAFT ELEMENTS\datapacks\minecraft-elements\data\elements\advancement\test.json", "JSON", 19, 0, 0, 0, 0, 3, 22
"c:\Users\Tim Fischer\curseforge\minecraft\Instances\Instances\Standart 1.21.3\saves\MINECRAFT ELEMENTS\datapacks\minecraft-elements\data\elements\advancement\test_2.json", "JSON", 21, 0, 0, 0, 0, 0, 21
"c:\Users\Tim Fischer\curseforge\minecraft\Instances\Instances\Standart 1.21.3\saves\MINECRAFT ELEMENTS\datapacks\minecraft-elements\data\elements\damage_type\boss_stage_1.json", "JSON", 6, 0, 0, 0, 0, 0, 6
"c:\Users\Tim Fischer\curseforge\minecraft\Instances\Instances\Standart 1.21.3\saves\MINECRAFT ELEMENTS\datapacks\minecraft-elements\data\elements\damage_type\boss_stage_2.json", "JSON", 6, 0, 0, 0, 0, 0, 6
"c:\Users\Tim Fischer\curseforge\minecraft\Instances\Instances\Standart 1.21.3\saves\MINECRAFT ELEMENTS\datapacks\minecraft-elements\data\elements\damage_type\boss_stage_3.json", "JSON", 6, 0, 0, 0, 0, 0, 6
"c:\Users\Tim Fischer\curseforge\minecraft\Instances\Instances\Standart 1.21.3\saves\MINECRAFT ELEMENTS\datapacks\minecraft-elements\data\elements\function\custom-items\customs\hype-o-meter.mcfunction", "Minecraft Function", 0, 11, 0, 0, 0, 4, 15
"c:\Users\Tim Fischer\curseforge\minecraft\Instances\Instances\Standart 1.21.3\saves\MINECRAFT ELEMENTS\datapacks\minecraft-elements\data\elements\function\custom-items\customs\lebensfrucht.mcfunction", "Minecraft Function", 0, 15, 0, 0, 0, 13, 28
"c:\Users\Tim Fischer\curseforge\minecraft\Instances\Instances\Standart 1.21.3\saves\MINECRAFT ELEMENTS\datapacks\minecraft-elements\data\elements\function\custom-items\lebensfrucht.mcfunction", "Minecraft Function", 0, -15, 0, 0, 0, -13, -28
"c:\Users\Tim Fischer\curseforge\minecraft\Instances\Instances\Standart 1.21.3\saves\MINECRAFT ELEMENTS\datapacks\minecraft-elements\data\elements\function\custom-items\shop\ocean\bossfrucht\main_handling.mcfunction", "Minecraft Function", 0, 6, 0, 0, 0, 1, 7
"c:\Users\Tim Fischer\curseforge\minecraft\Instances\Instances\Standart 1.21.3\saves\MINECRAFT ELEMENTS\datapacks\minecraft-elements\data\elements\function\custom-items\shop\ocean\bossfrucht\stage_4.mcfunction", "Minecraft Function", 0, 8, 0, 0, 0, 9, 17
"c:\Users\Tim Fischer\curseforge\minecraft\Instances\Instances\Standart 1.21.3\saves\MINECRAFT ELEMENTS\datapacks\minecraft-elements\data\elements\function\custom-items\shop\sky\sauger\show_size.mcfunction", "Minecraft Function", 0, 32, 0, 0, 0, 12, 44
"c:\Users\Tim Fischer\curseforge\minecraft\Instances\Instances\Standart 1.21.3\saves\MINECRAFT ELEMENTS\datapacks\minecraft-elements\data\elements\function\debug\fun\rick.mcfunction", "Minecraft Function", 0, 2, 0, 0, 0, 0, 2
"c:\Users\Tim Fischer\curseforge\minecraft\Instances\Instances\Standart 1.21.3\saves\MINECRAFT ELEMENTS\datapacks\minecraft-elements\data\elements\function\debug\fun\rick_2.mcfunction", "Minecraft Function", 0, 1, 0, 0, 0, 0, 1
"c:\Users\Tim Fischer\curseforge\minecraft\Instances\Instances\Standart 1.21.3\saves\MINECRAFT ELEMENTS\datapacks\minecraft-elements\data\elements\function\debug\portal\stage_1.mcfunction", "Minecraft Function", 0, 4, 0, 0, 0, 0, 4
"c:\Users\Tim Fischer\curseforge\minecraft\Instances\Instances\Standart 1.21.3\saves\MINECRAFT ELEMENTS\datapacks\minecraft-elements\data\elements\function\debug\portal\stage_2.mcfunction", "Minecraft Function", 0, 4, 0, 0, 0, 0, 4
"c:\Users\Tim Fischer\curseforge\minecraft\Instances\Instances\Standart 1.21.3\saves\MINECRAFT ELEMENTS\datapacks\minecraft-elements\data\elements\function\debug\portal\stage_3.mcfunction", "Minecraft Function", 0, 4, 0, 0, 0, 0, 4
"c:\Users\Tim Fischer\curseforge\minecraft\Instances\Instances\Standart 1.21.3\saves\MINECRAFT ELEMENTS\datapacks\minecraft-elements\data\elements\function\debug\villager\fisher\respawn_all.mcfunction", "Minecraft Function", 0, 2, 0, 0, 0, 1, 3
"c:\Users\Tim Fischer\curseforge\minecraft\Instances\Instances\Standart 1.21.3\saves\MINECRAFT ELEMENTS\datapacks\minecraft-elements\data\elements\function\debug\villager\fisher\spawn_here.mcfunction", "Minecraft Function", 0, 1, 0, 0, 0, 1, 2
"c:\Users\Tim Fischer\curseforge\minecraft\Instances\Instances\Standart 1.21.3\saves\MINECRAFT ELEMENTS\datapacks\minecraft-elements\data\elements\function\debug\villager\stage-4_main\respawn_all.mcfunction", "Minecraft Function", 0, 2, 0, 0, 0, 1, 3
"c:\Users\Tim Fischer\curseforge\minecraft\Instances\Instances\Standart 1.21.3\saves\MINECRAFT ELEMENTS\datapacks\minecraft-elements\data\elements\function\debug\villager\stage-4_main\spawn_here.mcfunction", "Minecraft Function", 0, 1, 0, 0, 0, 1, 2
"c:\Users\Tim Fischer\curseforge\minecraft\Instances\Instances\Standart 1.21.3\saves\MINECRAFT ELEMENTS\datapacks\minecraft-elements\data\elements\function\enderchest\admin-settings\first-setup.mcfunction", "Minecraft Function", 0, 19, 0, 0, 0, 1, 20
"c:\Users\Tim Fischer\curseforge\minecraft\Instances\Instances\Standart 1.21.3\saves\MINECRAFT ELEMENTS\datapacks\minecraft-elements\data\elements\function\enderchest\handelsplatz\buy\get_price.mcfunction", "Minecraft Function", 0, 1, 0, 0, 0, 1, 2
"c:\Users\Tim Fischer\curseforge\minecraft\Instances\Instances\Standart 1.21.3\saves\MINECRAFT ELEMENTS\datapacks\minecraft-elements\data\elements\function\enderchest\handelsplatz\buy\give_tokens.mcfunction", "Minecraft Function", 0, 5, 0, 0, 0, 0, 5
"c:\Users\Tim Fischer\curseforge\minecraft\Instances\Instances\Standart 1.21.3\saves\MINECRAFT ELEMENTS\datapacks\minecraft-elements\data\elements\function\enderchest\handelsplatz\buy\give_tokens_pre.mcfunction", "Minecraft Function", 0, 2, 0, 0, 0, 0, 2
"c:\Users\Tim Fischer\curseforge\minecraft\Instances\Instances\Standart 1.21.3\saves\MINECRAFT ELEMENTS\datapacks\minecraft-elements\data\elements\function\enderchest\handelsplatz\buy\main.mcfunction", "Minecraft Function", 0, 24, 0, 0, 3, 9, 36
"c:\Users\Tim Fischer\curseforge\minecraft\Instances\Instances\Standart 1.21.3\saves\MINECRAFT ELEMENTS\datapacks\minecraft-elements\data\elements\function\enderchest\handelsplatz\buy\not_enough_tokens.mcfunction", "Minecraft Function", 0, 5, 0, 0, 0, 0, 5
"c:\Users\Tim Fischer\curseforge\minecraft\Instances\Instances\Standart 1.21.3\saves\MINECRAFT ELEMENTS\datapacks\minecraft-elements\data\elements\function\enderchest\handelsplatz\buy\remove_from_database.mcfunction", "Minecraft Function", 0, 1, 0, 0, 0, 0, 1
"c:\Users\Tim Fischer\curseforge\minecraft\Instances\Instances\Standart 1.21.3\saves\MINECRAFT ELEMENTS\datapacks\minecraft-elements\data\elements\function\enderchest\handelsplatz\load.mcfunction", "Minecraft Function", 0, 63, 0, 0, 0, 5, 68
"c:\Users\Tim Fischer\curseforge\minecraft\Instances\Instances\Standart 1.21.3\saves\MINECRAFT ELEMENTS\datapacks\minecraft-elements\data\elements\function\enderchest\handelsplatz\load_offers\calc_pages.mcfunction", "Minecraft Function", 0, 3, 0, 0, 0, 1, 4
"c:\Users\Tim Fischer\curseforge\minecraft\Instances\Instances\Standart 1.21.3\saves\MINECRAFT ELEMENTS\datapacks\minecraft-elements\data\elements\function\enderchest\handelsplatz\load_offers\load_to_page.mcfunction", "Minecraft Function", 0, 20, 0, 0, 0, 2, 22
"c:\Users\Tim Fischer\curseforge\minecraft\Instances\Instances\Standart 1.21.3\saves\MINECRAFT ELEMENTS\datapacks\minecraft-elements\data\elements\function\enderchest\handelsplatz\load_offers\main.mcfunction", "Minecraft Function", 0, 22, 0, 0, 1, 7, 30
"c:\Users\Tim Fischer\curseforge\minecraft\Instances\Instances\Standart 1.21.3\saves\MINECRAFT ELEMENTS\datapacks\minecraft-elements\data\elements\function\enderchest\handelsplatz\load_offers\set_name.mcfunction", "Minecraft Function", 0, 1, 0, 0, 0, 0, 1
"c:\Users\Tim Fischer\curseforge\minecraft\Instances\Instances\Standart 1.21.3\saves\MINECRAFT ELEMENTS\datapacks\minecraft-elements\data\elements\function\enderchest\handelsplatz\load_offers\set_price.mcfunction", "Minecraft Function", 0, 1, 0, 0, 0, 0, 1
"c:\Users\Tim Fischer\curseforge\minecraft\Instances\Instances\Standart 1.21.3\saves\MINECRAFT ELEMENTS\datapacks\minecraft-elements\data\elements\function\enderchest\handelsplatz\main.mcfunction", "Minecraft Function", 0, 51, 0, 0, 5, 15, 71
"c:\Users\Tim Fischer\curseforge\minecraft\Instances\Instances\Standart 1.21.3\saves\MINECRAFT ELEMENTS\datapacks\minecraft-elements\data\elements\function\enderchest\handelsplatz\new_offer.mcfunction", "Minecraft Function", 0, 69, 0, 0, 0, 9, 78
"c:\Users\Tim Fischer\curseforge\minecraft\Instances\Instances\Standart 1.21.3\saves\MINECRAFT ELEMENTS\datapacks\minecraft-elements\data\elements\function\enderchest\handelsplatz\new_offer\build_price_buttons.mcfunction", "Minecraft Function", 0, 42, 0, 0, 2, 11, 55
"c:\Users\Tim Fischer\curseforge\minecraft\Instances\Instances\Standart 1.21.3\saves\MINECRAFT ELEMENTS\datapacks\minecraft-elements\data\elements\function\enderchest\handelsplatz\new_offer\create_offer.mcfunction", "Minecraft Function", 0, 20, 0, 0, 0, 4, 24
"c:\Users\Tim Fischer\curseforge\minecraft\Instances\Instances\Standart 1.21.3\saves\MINECRAFT ELEMENTS\datapacks\minecraft-elements\data\elements\function\enderchest\handelsplatz\stats.mcfunction", "Minecraft Function", 0, 72, 0, 0, 26, 9, 107
"c:\Users\Tim Fischer\curseforge\minecraft\Instances\Instances\Standart 1.21.3\saves\MINECRAFT ELEMENTS\datapacks\minecraft-elements\data\elements\function\enderchest\main.mcfunction", "Minecraft Function", 0, 10, 0, 0, 1, 2, 13
"c:\Users\Tim Fischer\curseforge\minecraft\Instances\Instances\Standart 1.21.3\saves\MINECRAFT ELEMENTS\datapacks\minecraft-elements\data\elements\function\enderchest\settings.mcfunction", "Minecraft Function", 0, 8, 0, 0, 0, 4, 12
"c:\Users\Tim Fischer\curseforge\minecraft\Instances\Instances\Standart 1.21.3\saves\MINECRAFT ELEMENTS\datapacks\minecraft-elements\data\elements\function\enderchest\shop\load.mcfunction", "Minecraft Function", 0, -5, 0, 0, 0, -4, -9
"c:\Users\Tim Fischer\curseforge\minecraft\Instances\Instances\Standart 1.21.3\saves\MINECRAFT ELEMENTS\datapacks\minecraft-elements\data\elements\function\enderchest\shop\nether-shop.mcfunction", "Minecraft Function", 0, 24, 0, 0, 2, -1, 25
"c:\Users\Tim Fischer\curseforge\minecraft\Instances\Instances\Standart 1.21.3\saves\MINECRAFT ELEMENTS\datapacks\minecraft-elements\data\elements\function\enderchest\shop\ocean-shop.mcfunction", "Minecraft Function", 0, 32, 0, 0, 3, 0, 35
"c:\Users\Tim Fischer\curseforge\minecraft\Instances\Instances\Standart 1.21.3\saves\MINECRAFT ELEMENTS\datapacks\minecraft-elements\data\elements\function\enderchest\shop\select_shop.mcfunction", "Minecraft Function", 0, 8, 0, 0, 0, 0, 8
"c:\Users\Tim Fischer\curseforge\minecraft\Instances\Instances\Standart 1.21.3\saves\MINECRAFT ELEMENTS\datapacks\minecraft-elements\data\elements\function\enderchest\shop\sky-shop.mcfunction", "Minecraft Function", 0, 40, 0, 0, 2, -1, 41
"c:\Users\Tim Fischer\curseforge\minecraft\Instances\Instances\Standart 1.21.3\saves\MINECRAFT ELEMENTS\datapacks\minecraft-elements\data\elements\function\enderchest\shop\stone-shop.mcfunction", "Minecraft Function", 0, 21, 0, 0, 2, -1, 22
"c:\Users\Tim Fischer\curseforge\minecraft\Instances\Instances\Standart 1.21.3\saves\MINECRAFT ELEMENTS\datapacks\minecraft-elements\data\elements\function\enderchest\stats.mcfunction", "Minecraft Function", 0, 3, 0, 0, 0, 0, 3
"c:\Users\Tim Fischer\curseforge\minecraft\Instances\Instances\Standart 1.21.3\saves\MINECRAFT ELEMENTS\datapacks\minecraft-elements\data\elements\function\enderchest\upgradeschmiede.mcfunction", "Minecraft Function", 0, 10, 0, 0, 0, 2, 12
"c:\Users\Tim Fischer\curseforge\minecraft\Instances\Instances\Standart 1.21.3\saves\MINECRAFT ELEMENTS\datapacks\minecraft-elements\data\elements\function\enderchest\upgradeschmiede_copy_data.mcfunction", "Minecraft Function", 0, 6, 0, 0, 0, 0, 6
"c:\Users\Tim Fischer\curseforge\minecraft\Instances\Instances\Standart 1.21.3\saves\MINECRAFT ELEMENTS\datapacks\minecraft-elements\data\elements\function\farm_slots\stage_3\break.mcfunction", "Minecraft Function", 0, 8, 0, 0, 0, 3, 11
"c:\Users\Tim Fischer\curseforge\minecraft\Instances\Instances\Standart 1.21.3\saves\MINECRAFT ELEMENTS\datapacks\minecraft-elements\data\elements\function\farm_slots\stage_3\cancel_break.mcfunction", "Minecraft Function", 0, 7, 0, 0, 0, 0, 7
"c:\Users\Tim Fischer\curseforge\minecraft\Instances\Instances\Standart 1.21.3\saves\MINECRAFT ELEMENTS\datapacks\minecraft-elements\data\elements\function\farm_slots\stage_4\break.mcfunction", "Minecraft Function", 0, 16, 0, 0, 0, 8, 24
"c:\Users\Tim Fischer\curseforge\minecraft\Instances\Instances\Standart 1.21.3\saves\MINECRAFT ELEMENTS\datapacks\minecraft-elements\data\elements\function\farm_slots\stage_4\broken_slot.mcfunction", "Minecraft Function", 0, 1, 0, 0, 0, 0, 1
"c:\Users\Tim Fischer\curseforge\minecraft\Instances\Instances\Standart 1.21.3\saves\MINECRAFT ELEMENTS\datapacks\minecraft-elements\data\elements\function\farm_slots\stage_4\fail.mcfunction", "Minecraft Function", 0, 4, 0, 0, 0, 3, 7
"c:\Users\Tim Fischer\curseforge\minecraft\Instances\Instances\Standart 1.21.3\saves\MINECRAFT ELEMENTS\datapacks\minecraft-elements\data\elements\function\farm_slots\stage_4\get_block_placing.mcfunction", "Minecraft Function", 0, 2, 0, 0, 0, 0, 2
"c:\Users\Tim Fischer\curseforge\minecraft\Instances\Instances\Standart 1.21.3\saves\MINECRAFT ELEMENTS\datapacks\minecraft-elements\data\elements\function\farm_slots\stage_4\highlight_missing_block.mcfunction", "Minecraft Function", 0, 8, 0, 0, 0, 2, 10
"c:\Users\Tim Fischer\curseforge\minecraft\Instances\Instances\Standart 1.21.3\saves\MINECRAFT ELEMENTS\datapacks\minecraft-elements\data\elements\function\farm_slots\stage_4\highlight_normal_block.mcfunction", "Minecraft Function", 0, 4, 0, 0, 0, 1, 5
"c:\Users\Tim Fischer\curseforge\minecraft\Instances\Instances\Standart 1.21.3\saves\MINECRAFT ELEMENTS\datapacks\minecraft-elements\data\elements\function\farm_slots\stage_4\init_block.mcfunction", "Minecraft Function", 0, 11, 0, 0, 0, 4, 15
"c:\Users\Tim Fischer\curseforge\minecraft\Instances\Instances\Standart 1.21.3\saves\MINECRAFT ELEMENTS\datapacks\minecraft-elements\data\elements\function\farm_slots\stage_4\main.mcfunction", "Minecraft Function", 0, 20, 0, 0, 11, 28, 59
"c:\Users\Tim Fischer\curseforge\minecraft\Instances\Instances\Standart 1.21.3\saves\MINECRAFT ELEMENTS\datapacks\minecraft-elements\data\elements\function\farm_slots\stage_4\over_max.mcfunction", "Minecraft Function", 0, 3, 0, 0, 0, 1, 4
"c:\Users\Tim Fischer\curseforge\minecraft\Instances\Instances\Standart 1.21.3\saves\MINECRAFT ELEMENTS\datapacks\minecraft-elements\data\elements\function\farm_slots\stage_4\place.mcfunction", "Minecraft Function", 0, 4, 0, 0, 0, 2, 6
"c:\Users\Tim Fischer\curseforge\minecraft\Instances\Instances\Standart 1.21.3\saves\MINECRAFT ELEMENTS\datapacks\minecraft-elements\data\elements\function\farm_slots\stage_4\show_broken_slots.mcfunction", "Minecraft Function", 0, 11, 0, 0, 0, 3, 14
"c:\Users\Tim Fischer\curseforge\minecraft\Instances\Instances\Standart 1.21.3\saves\MINECRAFT ELEMENTS\datapacks\minecraft-elements\data\elements\function\farm_slots\stage_4\show_broken_slots_message.mcfunction", "Minecraft Function", 0, 1, 0, 0, 0, 0, 1
"c:\Users\Tim Fischer\curseforge\minecraft\Instances\Instances\Standart 1.21.3\saves\MINECRAFT ELEMENTS\datapacks\minecraft-elements\data\elements\function\farm_slots\stage_4\show_broken_slots_pre.mcfunction", "Minecraft Function", 0, 3, 0, 0, 0, 2, 5
"c:\Users\Tim Fischer\curseforge\minecraft\Instances\Instances\Standart 1.21.3\saves\MINECRAFT ELEMENTS\datapacks\minecraft-elements\data\elements\function\function-timers\10s.mcfunction", "Minecraft Function", 0, 4, 0, 0, 0, 2, 6
"c:\Users\Tim Fischer\curseforge\minecraft\Instances\Instances\Standart 1.21.3\saves\MINECRAFT ELEMENTS\datapacks\minecraft-elements\data\elements\function\function-timers\1s.mcfunction", "Minecraft Function", 0, 12, 0, 0, 1, 3, 16
"c:\Users\Tim Fischer\curseforge\minecraft\Instances\Instances\Standart 1.21.3\saves\MINECRAFT ELEMENTS\datapacks\minecraft-elements\data\elements\function\function-timers\3s.mcfunction", "Minecraft Function", 0, 2, 0, 0, 1, 3, 6
"c:\Users\Tim Fischer\curseforge\minecraft\Instances\Instances\Standart 1.21.3\saves\MINECRAFT ELEMENTS\datapacks\minecraft-elements\data\elements\function\function-timers\5s.mcfunction", "Minecraft Function", 0, 5, 0, 0, 1, 0, 6
"c:\Users\Tim Fischer\curseforge\minecraft\Instances\Instances\Standart 1.21.3\saves\MINECRAFT ELEMENTS\datapacks\minecraft-elements\data\elements\function\load.mcfunction", "Minecraft Function", 0, 70, 0, 0, 3, 3, 76
"c:\Users\Tim Fischer\curseforge\minecraft\Instances\Instances\Standart 1.21.3\saves\MINECRAFT ELEMENTS\datapacks\minecraft-elements\data\elements\function\mana\regeneration.mcfunction", "Minecraft Function", 0, 4, 0, 0, 0, 0, 4
"c:\Users\Tim Fischer\curseforge\minecraft\Instances\Instances\Standart 1.21.3\saves\MINECRAFT ELEMENTS\datapacks\minecraft-elements\data\elements\function\mana\regernation.mcfunction", "Minecraft Function", 0, -4, 0, 0, 0, -1, -5
"c:\Users\Tim Fischer\curseforge\minecraft\Instances\Instances\Standart 1.21.3\saves\MINECRAFT ELEMENTS\datapacks\minecraft-elements\data\elements\function\miningxp\farmingxp.mcfunction", "Minecraft Function", 0, -120, 0, 0, 0, 0, -120
"c:\Users\Tim Fischer\curseforge\minecraft\Instances\Instances\Standart 1.21.3\saves\MINECRAFT ELEMENTS\datapacks\minecraft-elements\data\elements\function\miningxp\farmingxp\crimson_vines.mcfunction", "Minecraft Function", 0, 18, 0, 0, 0, 3, 21
"c:\Users\Tim Fischer\curseforge\minecraft\Instances\Instances\Standart 1.21.3\saves\MINECRAFT ELEMENTS\datapacks\minecraft-elements\data\elements\function\miningxp\farmingxp\levelup.mcfunction", "Minecraft Function", 0, 8, 0, 0, 0, 0, 8
"c:\Users\Tim Fischer\curseforge\minecraft\Instances\Instances\Standart 1.21.3\saves\MINECRAFT ELEMENTS\datapacks\minecraft-elements\data\elements\function\miningxp\farmingxp\set_goals.mcfunction", "Minecraft Function", 0, 101, 0, 0, 0, 0, 101
"c:\Users\Tim Fischer\curseforge\minecraft\Instances\Instances\Standart 1.21.3\saves\MINECRAFT ELEMENTS\datapacks\minecraft-elements\data\elements\function\miningxp\fishingxp.mcfunction", "Minecraft Function", 0, -105, 0, 0, 0, -1, -106
"c:\Users\Tim Fischer\curseforge\minecraft\Instances\Instances\Standart 1.21.3\saves\MINECRAFT ELEMENTS\datapacks\minecraft-elements\data\elements\function\miningxp\fishingxp\levelup.mcfunction", "Minecraft Function", 0, 8, 0, 0, 0, 0, 8
"c:\Users\Tim Fischer\curseforge\minecraft\Instances\Instances\Standart 1.21.3\saves\MINECRAFT ELEMENTS\datapacks\minecraft-elements\data\elements\function\miningxp\fishingxp\set_goals.mcfunction", "Minecraft Function", 0, 101, 0, 0, 0, 1, 102
"c:\Users\Tim Fischer\curseforge\minecraft\Instances\Instances\Standart 1.21.3\saves\MINECRAFT ELEMENTS\datapacks\minecraft-elements\data\elements\function\miningxp\foragingxp\levelup.mcfunction", "Minecraft Function", 0, 8, 0, 0, 0, 1, 9
"c:\Users\Tim Fischer\curseforge\minecraft\Instances\Instances\Standart 1.21.3\saves\MINECRAFT ELEMENTS\datapacks\minecraft-elements\data\elements\function\miningxp\foragingxp\set_goals.mcfunction", "Minecraft Function", 0, 101, 0, 0, 0, 1, 102
"c:\Users\Tim Fischer\curseforge\minecraft\Instances\Instances\Standart 1.21.3\saves\MINECRAFT ELEMENTS\datapacks\minecraft-elements\data\elements\function\miningxp\foragingxp\spruce.mcfunction", "Minecraft Function", 0, 18, 0, 0, 0, 5, 23
"c:\Users\Tim Fischer\curseforge\minecraft\Instances\Instances\Standart 1.21.3\saves\MINECRAFT ELEMENTS\datapacks\minecraft-elements\data\elements\function\miningxp\forestingxp.mcfunction", "Minecraft Function", 0, -120, 0, 0, 0, -2, -122
"c:\Users\Tim Fischer\curseforge\minecraft\Instances\Instances\Standart 1.21.3\saves\MINECRAFT ELEMENTS\datapacks\minecraft-elements\data\elements\function\miningxp\get_fishing\get_fishing.mcfunction", "Minecraft Function", 0, 0, 0, 0, 0, 1, 1
"c:\Users\Tim Fischer\curseforge\minecraft\Instances\Instances\Standart 1.21.3\saves\MINECRAFT ELEMENTS\datapacks\minecraft-elements\data\elements\function\miningxp\get_fishing\get_fishing_id.mcfunction", "Minecraft Function", 0, 3, 0, 0, 1, 2, 6
"c:\Users\Tim Fischer\curseforge\minecraft\Instances\Instances\Standart 1.21.3\saves\MINECRAFT ELEMENTS\datapacks\minecraft-elements\data\elements\function\miningxp\miningxp.mcfunction", "Minecraft Function", 0, -158, 0, 0, 1, -2, -159
"c:\Users\Tim Fischer\curseforge\minecraft\Instances\Instances\Standart 1.21.3\saves\MINECRAFT ELEMENTS\datapacks\minecraft-elements\data\elements\function\miningxp\miningxp\basalt.mcfunction", "Minecraft Function", 0, 18, 0, 0, 0, 3, 21
"c:\Users\Tim Fischer\curseforge\minecraft\Instances\Instances\Standart 1.21.3\saves\MINECRAFT ELEMENTS\datapacks\minecraft-elements\data\elements\function\miningxp\miningxp\cobblestone.mcfunction", "Minecraft Function", 0, 18, 0, 0, 0, 3, 21
"c:\Users\Tim Fischer\curseforge\minecraft\Instances\Instances\Standart 1.21.3\saves\MINECRAFT ELEMENTS\datapacks\minecraft-elements\data\elements\function\miningxp\miningxp\levelup.mcfunction", "Minecraft Function", 0, 8, 0, 0, 0, 3, 11
"c:\Users\Tim Fischer\curseforge\minecraft\Instances\Instances\Standart 1.21.3\saves\MINECRAFT ELEMENTS\datapacks\minecraft-elements\data\elements\function\miningxp\miningxp\set_goals.mcfunction", "Minecraft Function", 0, 101, 0, 0, 0, 0, 101
"c:\Users\Tim Fischer\curseforge\minecraft\Instances\Instances\Standart 1.21.3\saves\MINECRAFT ELEMENTS\datapacks\minecraft-elements\data\elements\function\miningxp\miningxp\stone.mcfunction", "Minecraft Function", 0, 23, 0, 0, 0, 6, 29
"c:\Users\Tim Fischer\curseforge\minecraft\Instances\Instances\Standart 1.21.3\saves\MINECRAFT ELEMENTS\datapacks\minecraft-elements\data\elements\function\miningxp\set_all_goals.mcfunction", "Minecraft Function", 0, 4, 0, 0, 0, 1, 5
"c:\Users\Tim Fischer\curseforge\minecraft\Instances\Instances\Standart 1.21.3\saves\MINECRAFT ELEMENTS\datapacks\minecraft-elements\data\elements\function\sonstiges-always\level.mcfunction", "Minecraft Function", 0, -84, 0, 0, 7, -30, -107
"c:\Users\Tim Fischer\curseforge\minecraft\Instances\Instances\Standart 1.21.3\saves\MINECRAFT ELEMENTS\datapacks\minecraft-elements\data\elements\function\sonstiges-always\level\stage_1_basalt.mcfunction", "Minecraft Function", 0, 13, 0, 0, 0, 1, 14
"c:\Users\Tim Fischer\curseforge\minecraft\Instances\Instances\Standart 1.21.3\saves\MINECRAFT ELEMENTS\datapacks\minecraft-elements\data\elements\function\sonstiges-always\level\stage_1_cobblestone.mcfunction", "Minecraft Function", 0, 13, 0, 0, 0, 1, 14
"c:\Users\Tim Fischer\curseforge\minecraft\Instances\Instances\Standart 1.21.3\saves\MINECRAFT ELEMENTS\datapacks\minecraft-elements\data\elements\function\sonstiges-always\level\stage_1_stone.mcfunction", "Minecraft Function", 0, 29, 0, 0, 0, 2, 31
"c:\Users\Tim Fischer\curseforge\minecraft\Instances\Instances\Standart 1.21.3\saves\MINECRAFT ELEMENTS\datapacks\minecraft-elements\data\elements\function\sonstiges-always\level\stage_2.mcfunction", "Minecraft Function", 0, 14, 0, 0, 0, 0, 14
"c:\Users\Tim Fischer\curseforge\minecraft\Instances\Instances\Standart 1.21.3\saves\MINECRAFT ELEMENTS\datapacks\minecraft-elements\data\elements\function\sonstiges-always\level\stage_3.mcfunction", "Minecraft Function", 0, 27, 0, 0, 0, 11, 38
"c:\Users\Tim Fischer\curseforge\minecraft\Instances\Instances\Standart 1.21.3\saves\MINECRAFT ELEMENTS\datapacks\minecraft-elements\data\elements\function\sonstiges-always\sonstiges.mcfunction", "Minecraft Function", 0, 17, 0, 0, 9, 10, 36
"c:\Users\Tim Fischer\curseforge\minecraft\Instances\Instances\Standart 1.21.3\saves\MINECRAFT ELEMENTS\datapacks\minecraft-elements\data\elements\function\sonstiges-always\update_sequence\main.mcfunction", "Minecraft Function", 0, 55, 0, 0, 25, 29, 109
"c:\Users\Tim Fischer\curseforge\minecraft\Instances\Instances\Standart 1.21.3\saves\MINECRAFT ELEMENTS\datapacks\minecraft-elements\data\elements\function\sonstiges\bonemeal\detect.mcfunction", "Minecraft Function", 0, 7, 0, 0, 2, 4, 13
"c:\Users\Tim Fischer\curseforge\minecraft\Instances\Instances\Standart 1.21.3\saves\MINECRAFT ELEMENTS\datapacks\minecraft-elements\data\elements\function\sonstiges\bonemeal\detect_00.mcfunction", "Minecraft Function", 0, 9, 0, 0, 0, 3, 12
"c:\Users\Tim Fischer\curseforge\minecraft\Instances\Instances\Standart 1.21.3\saves\MINECRAFT ELEMENTS\datapacks\minecraft-elements\data\elements\function\sonstiges\bonemeal\detect_01.mcfunction", "Minecraft Function", 0, 9, 0, 0, 0, 3, 12
"c:\Users\Tim Fischer\curseforge\minecraft\Instances\Instances\Standart 1.21.3\saves\MINECRAFT ELEMENTS\datapacks\minecraft-elements\data\elements\function\sonstiges\bonemeal\detect_10.mcfunction", "Minecraft Function", 0, 9, 0, 0, 0, 4, 13
"c:\Users\Tim Fischer\curseforge\minecraft\Instances\Instances\Standart 1.21.3\saves\MINECRAFT ELEMENTS\datapacks\minecraft-elements\data\elements\function\sonstiges\bonemeal\detect_11.mcfunction", "Minecraft Function", 0, 9, 0, 0, 0, 4, 13
"c:\Users\Tim Fischer\curseforge\minecraft\Instances\Instances\Standart 1.21.3\saves\MINECRAFT ELEMENTS\datapacks\minecraft-elements\data\elements\function\sonstiges\bonemeal\hightlight.mcfunction", "Minecraft Function", 0, 8, 0, 0, 0, 2, 10
"c:\Users\Tim Fischer\curseforge\minecraft\Instances\Instances\Standart 1.21.3\saves\MINECRAFT ELEMENTS\datapacks\minecraft-elements\data\elements\function\sonstiges\bonemeal\trigger.mcfunction", "Minecraft Function", 0, 8, 0, 0, 0, 5, 13
"c:\Users\Tim Fischer\curseforge\minecraft\Instances\Instances\Standart 1.21.3\saves\MINECRAFT ELEMENTS\datapacks\minecraft-elements\data\elements\function\sonstiges\element_shards\lucky_drops\common.mcfunction", "Minecraft Function", 0, 8, 0, 0, 0, 0, 8
"c:\Users\Tim Fischer\curseforge\minecraft\Instances\Instances\Standart 1.21.3\saves\MINECRAFT ELEMENTS\datapacks\minecraft-elements\data\elements\function\sonstiges\element_shards\lucky_drops\epic.mcfunction", "Minecraft Function", 0, 8, 0, 0, 0, 0, 8
"c:\Users\Tim Fischer\curseforge\minecraft\Instances\Instances\Standart 1.21.3\saves\MINECRAFT ELEMENTS\datapacks\minecraft-elements\data\elements\function\sonstiges\element_shards\lucky_drops\legendary.mcfunction", "Minecraft Function", 0, 8, 0, 0, 0, 1, 9
"c:\Users\Tim Fischer\curseforge\minecraft\Instances\Instances\Standart 1.21.3\saves\MINECRAFT ELEMENTS\datapacks\minecraft-elements\data\elements\function\sonstiges\element_shards\lucky_drops\rare.mcfunction", "Minecraft Function", 0, 8, 0, 0, 0, 0, 8
"c:\Users\Tim Fischer\curseforge\minecraft\Instances\Instances\Standart 1.21.3\saves\MINECRAFT ELEMENTS\datapacks\minecraft-elements\data\elements\function\sonstiges\element_shards\trigger.mcfunction", "Minecraft Function", 0, 25, 0, 0, 0, 13, 38
"c:\Users\Tim Fischer\curseforge\minecraft\Instances\Instances\Standart 1.21.3\saves\MINECRAFT ELEMENTS\datapacks\minecraft-elements\data\elements\function\sonstiges\enderchest_return_after_close\check_change.mcfunction", "Minecraft Function", 0, 5, 0, 0, 0, 3, 8
"c:\Users\Tim Fischer\curseforge\minecraft\Instances\Instances\Standart 1.21.3\saves\MINECRAFT ELEMENTS\datapacks\minecraft-elements\data\elements\function\sonstiges\enderchest_return_after_close\check_enderchest.mcfunction", "Minecraft Function", 0, 3, 0, 0, 0, 0, 3
"c:\Users\Tim Fischer\curseforge\minecraft\Instances\Instances\Standart 1.21.3\saves\MINECRAFT ELEMENTS\datapacks\minecraft-elements\data\elements\function\sonstiges\enderchest_return_after_close\check_handelsplatz.mcfunction", "Minecraft Function", 0, 2, 0, 0, 0, 0, 2
"c:\Users\Tim Fischer\curseforge\minecraft\Instances\Instances\Standart 1.21.3\saves\MINECRAFT ELEMENTS\datapacks\minecraft-elements\data\elements\function\sonstiges\enderchest_return_after_close\check_upgradeschmiede.mcfunction", "Minecraft Function", 0, 3, 0, 0, 0, 0, 3
"c:\Users\Tim Fischer\curseforge\minecraft\Instances\Instances\Standart 1.21.3\saves\MINECRAFT ELEMENTS\datapacks\minecraft-elements\data\elements\function\sonstiges\enderchest_return_after_close\main.mcfunction", "Minecraft Function", 0, 10, 0, 0, 0, 0, 10
"c:\Users\Tim Fischer\curseforge\minecraft\Instances\Instances\Standart 1.21.3\saves\MINECRAFT ELEMENTS\datapacks\minecraft-elements\data\elements\function\sonstiges\enderchest_return_after_close\return.mcfunction", "Minecraft Function", 0, 2, 0, 0, 0, 0, 2
"c:\Users\Tim Fischer\curseforge\minecraft\Instances\Instances\Standart 1.21.3\saves\MINECRAFT ELEMENTS\datapacks\minecraft-elements\data\elements\function\sonstiges\firstlogin_set_values.mcfunction", "Minecraft Function", 0, 3, 0, 0, 0, -1, 2
"c:\Users\Tim Fischer\curseforge\minecraft\Instances\Instances\Standart 1.21.3\saves\MINECRAFT ELEMENTS\datapacks\minecraft-elements\data\elements\function\sonstiges\no_armor_drops_with_element_sword.mcfunction", "Minecraft Function", 0, 11, 0, 0, 0, 3, 14
"c:\Users\Tim Fischer\curseforge\minecraft\Instances\Instances\Standart 1.21.3\saves\MINECRAFT ELEMENTS\datapacks\minecraft-elements\data\elements\function\sonstiges\savely_give_loot.mcfunction", "Minecraft Function", 0, 11, 0, 0, 0, 4, 15
"c:\Users\Tim Fischer\curseforge\minecraft\Instances\Instances\Standart 1.21.3\saves\MINECRAFT ELEMENTS\datapacks\minecraft-elements\data\elements\function\spawn\abgaben\angel_teich\running.mcfunction", "Minecraft Function", 0, 2, 0, 0, 0, 0, 2
"c:\Users\Tim Fischer\curseforge\minecraft\Instances\Instances\Standart 1.21.3\saves\MINECRAFT ELEMENTS\datapacks\minecraft-elements\data\elements\function\spawn\abgaben\main.mcfunction", "Minecraft Function", 0, 4, 0, 0, 2, 0, 6
"c:\Users\Tim Fischer\curseforge\minecraft\Instances\Instances\Standart 1.21.3\saves\MINECRAFT ELEMENTS\datapacks\minecraft-elements\data\elements\function\spawn\abgaben\recycler\running.mcfunction", "Minecraft Function", 0, 2, 0, 0, 1, 1, 4
"c:\Users\Tim Fischer\curseforge\minecraft\Instances\Instances\Standart 1.21.3\saves\MINECRAFT ELEMENTS\datapacks\minecraft-elements\data\elements\function\spawn\abgaben\stage-3_room\running.mcfunction", "Minecraft Function", 0, 1, 0, 0, -1, 0, 0
"c:\Users\Tim Fischer\curseforge\minecraft\Instances\Instances\Standart 1.21.3\saves\MINECRAFT ELEMENTS\datapacks\minecraft-elements\data\elements\function\spawn\abgaben\stage-4_gang\running.mcfunction", "Minecraft Function", 0, 32, 0, 0, 1, 4, 37
"c:\Users\Tim Fischer\curseforge\minecraft\Instances\Instances\Standart 1.21.3\saves\MINECRAFT ELEMENTS\datapacks\minecraft-elements\data\elements\function\spawn\abgaben\stage-4_gang\spawning.mcfunction", "Minecraft Function", 0, 6, 0, 0, 1, 2, 9
"c:\Users\Tim Fischer\curseforge\minecraft\Instances\Instances\Standart 1.21.3\saves\MINECRAFT ELEMENTS\datapacks\minecraft-elements\data\elements\function\spawn\abgaben\stage-4_room\running.mcfunction", "Minecraft Function", 0, 34, 0, 0, 5, 5, 44
"c:\Users\Tim Fischer\curseforge\minecraft\Instances\Instances\Standart 1.21.3\saves\MINECRAFT ELEMENTS\datapacks\minecraft-elements\data\elements\function\spawn\abgaben\stage-4_room\spawning.mcfunction", "Minecraft Function", 0, 6, 0, 0, 1, 2, 9
"c:\Users\Tim Fischer\curseforge\minecraft\Instances\Instances\Standart 1.21.3\saves\MINECRAFT ELEMENTS\datapacks\minecraft-elements\data\elements\function\spawn\community-hub.mcfunction", "Minecraft Function", 0, -15, 0, 0, 0, -2, -17
"c:\Users\Tim Fischer\curseforge\minecraft\Instances\Instances\Standart 1.21.3\saves\MINECRAFT ELEMENTS\datapacks\minecraft-elements\data\elements\function\spawn\leaderboards\refresh-timer.mcfunction", "Minecraft Function", 0, -18, 0, 0, -1, -1, -20
"c:\Users\Tim Fischer\curseforge\minecraft\Instances\Instances\Standart 1.21.3\saves\MINECRAFT ELEMENTS\datapacks\minecraft-elements\data\elements\function\spawn\leaderboards\refresh_main.mcfunction", "Minecraft Function", 0, 9, 0, 0, 0, 0, 9
"c:\Users\Tim Fischer\curseforge\minecraft\Instances\Instances\Standart 1.21.3\saves\MINECRAFT ELEMENTS\datapacks\minecraft-elements\data\elements\function\spawn\leaderboards\refresh_show.mcfunction", "Minecraft Function", 0, 11, 0, 0, 1, 7, 19
"c:\Users\Tim Fischer\curseforge\minecraft\Instances\Instances\Standart 1.21.3\saves\MINECRAFT ELEMENTS\datapacks\minecraft-elements\data\elements\function\spawn\leer-shop.mcfunction", "Minecraft Function", 0, 87, 0, 0, 0, 0, 87
"c:\Users\Tim Fischer\curseforge\minecraft\Instances\Instances\Standart 1.21.3\saves\MINECRAFT ELEMENTS\datapacks\minecraft-elements\data\elements\function\spawn\levelbaum.mcfunction", "Minecraft Function", 0, 3, 0, 0, 0, 0, 3
"c:\Users\Tim Fischer\curseforge\minecraft\Instances\Instances\Standart 1.21.3\saves\MINECRAFT ELEMENTS\datapacks\minecraft-elements\data\elements\function\spawn\recycler\abgabe_fishing_token.mcfunction", "Minecraft Function", 0, 5, 0, 0, 0, 0, 5
"c:\Users\Tim Fischer\curseforge\minecraft\Instances\Instances\Standart 1.21.3\saves\MINECRAFT ELEMENTS\datapacks\minecraft-elements\data\elements\function\spawn\recycler\abgabe_stage_1.mcfunction", "Minecraft Function", 0, 5, 0, 0, 0, 0, 5
"c:\Users\Tim Fischer\curseforge\minecraft\Instances\Instances\Standart 1.21.3\saves\MINECRAFT ELEMENTS\datapacks\minecraft-elements\data\elements\function\spawn\recycler\abgabe_stage_2.mcfunction", "Minecraft Function", 0, 5, 0, 0, 0, 0, 5
"c:\Users\Tim Fischer\curseforge\minecraft\Instances\Instances\Standart 1.21.3\saves\MINECRAFT ELEMENTS\datapacks\minecraft-elements\data\elements\function\spawn\recycler\abgabe_stage_3.mcfunction", "Minecraft Function", 0, 5, 0, 0, 0, 0, 5
"c:\Users\Tim Fischer\curseforge\minecraft\Instances\Instances\Standart 1.21.3\saves\MINECRAFT ELEMENTS\datapacks\minecraft-elements\data\elements\function\spawn\recycler\spawning_stage_2.mcfunction", "Minecraft Function", 0, 3, 0, 0, 0, 1, 4
"c:\Users\Tim Fischer\curseforge\minecraft\Instances\Instances\Standart 1.21.3\saves\MINECRAFT ELEMENTS\datapacks\minecraft-elements\data\elements\function\spawn\recycler\spawning_stage_3.mcfunction", "Minecraft Function", 0, 3, 0, 0, 0, 0, 3
"c:\Users\Tim Fischer\curseforge\minecraft\Instances\Instances\Standart 1.21.3\saves\MINECRAFT ELEMENTS\datapacks\minecraft-elements\data\elements\function\spawn\recycler\update.mcfunction", "Minecraft Function", 0, 5, 0, 0, 0, 1, 6
"c:\Users\Tim Fischer\curseforge\minecraft\Instances\Instances\Standart 1.21.3\saves\MINECRAFT ELEMENTS\datapacks\minecraft-elements\data\elements\function\spawn\tokens\abgaben\recycler_crimson_wines.mcfunction", "Minecraft Function", 0, 3, 0, 0, 0, 1, 4
"c:\Users\Tim Fischer\curseforge\minecraft\Instances\Instances\Standart 1.21.3\saves\MINECRAFT ELEMENTS\datapacks\minecraft-elements\data\elements\function\spawn\tokens\abgaben\recycler_fish.mcfunction", "Minecraft Function", 0, 2, 0, 0, 0, 1, 3
"c:\Users\Tim Fischer\curseforge\minecraft\Instances\Instances\Standart 1.21.3\saves\MINECRAFT ELEMENTS\datapacks\minecraft-elements\data\elements\function\spawn\tokens\abgaben\recycler_stone.mcfunction", "Minecraft Function", 0, 3, 0, 0, 0, 1, 4
"c:\Users\Tim Fischer\curseforge\minecraft\Instances\Instances\Standart 1.21.3\saves\MINECRAFT ELEMENTS\datapacks\minecraft-elements\data\elements\function\spawn\tokens\abgaben\recycler_wood.mcfunction", "Minecraft Function", 0, 3, 0, 0, 0, 1, 4
"c:\Users\Tim Fischer\curseforge\minecraft\Instances\Instances\Standart 1.21.3\saves\MINECRAFT ELEMENTS\datapacks\minecraft-elements\data\elements\function\stages\portals.mcfunction", "Minecraft Function", 0, 3, 0, 0, 3, 2, 8
"c:\Users\Tim Fischer\curseforge\minecraft\Instances\Instances\Standart 1.21.3\saves\MINECRAFT ELEMENTS\datapacks\minecraft-elements\data\elements\function\stages\portals\stage_1.mcfunction", "Minecraft Function", 0, 14, 0, 0, 0, 4, 18
"c:\Users\Tim Fischer\curseforge\minecraft\Instances\Instances\Standart 1.21.3\saves\MINECRAFT ELEMENTS\datapacks\minecraft-elements\data\elements\function\stages\portals\stage_2.mcfunction", "Minecraft Function", 0, 14, 0, 0, 0, 4, 18
"c:\Users\Tim Fischer\curseforge\minecraft\Instances\Instances\Standart 1.21.3\saves\MINECRAFT ELEMENTS\datapacks\minecraft-elements\data\elements\function\stages\portals\stage_3.mcfunction", "Minecraft Function", 0, 14, 0, 0, 0, 4, 18
"c:\Users\Tim Fischer\curseforge\minecraft\Instances\Instances\Standart 1.21.3\saves\MINECRAFT ELEMENTS\datapacks\minecraft-elements\data\elements\function\stages\refresh-vaults.mcfunction", "Minecraft Function", 0, -3, 0, 0, 0, -2, -5
"c:\Users\Tim Fischer\curseforge\minecraft\Instances\Instances\Standart 1.21.3\saves\MINECRAFT ELEMENTS\datapacks\minecraft-elements\data\elements\function\stages\stage-1\portal-enable.mcfunction", "Minecraft Function", 0, 3, 0, 0, 0, 0, 3
"c:\Users\Tim Fischer\curseforge\minecraft\Instances\Instances\Standart 1.21.3\saves\MINECRAFT ELEMENTS\datapacks\minecraft-elements\data\elements\function\stages\stage-1\portal.mcfunction", "Minecraft Function", 0, 1, 0, 0, 0, 0, 1
"c:\Users\Tim Fischer\curseforge\minecraft\Instances\Instances\Standart 1.21.3\saves\MINECRAFT ELEMENTS\datapacks\minecraft-elements\data\elements\function\stages\stage-2\portal-enable.mcfunction", "Minecraft Function", 0, 2, 0, 0, 0, 0, 2
"c:\Users\Tim Fischer\curseforge\minecraft\Instances\Instances\Standart 1.21.3\saves\MINECRAFT ELEMENTS\datapacks\minecraft-elements\data\elements\function\stages\stage-2\portal.mcfunction", "Minecraft Function", 0, 1, 0, 0, 0, 0, 1
"c:\Users\Tim Fischer\curseforge\minecraft\Instances\Instances\Standart 1.21.3\saves\MINECRAFT ELEMENTS\datapacks\minecraft-elements\data\elements\function\stages\stage-3\portal-enable\final.mcfunction", "Minecraft Function", 0, 2, 0, 0, 0, 0, 2
"c:\Users\Tim Fischer\curseforge\minecraft\Instances\Instances\Standart 1.21.3\saves\MINECRAFT ELEMENTS\datapacks\minecraft-elements\data\elements\function\stages\stage-3\portal.mcfunction", "Minecraft Function", 0, 1, 0, 0, 0, 0, 1
"c:\Users\Tim Fischer\curseforge\minecraft\Instances\Instances\Standart 1.21.3\saves\MINECRAFT ELEMENTS\datapacks\minecraft-elements\data\elements\function\stages\vaults\stage_1.mcfunction", "Minecraft Function", 0, 3, 0, 0, 0, 1, 4
"c:\Users\Tim Fischer\curseforge\minecraft\Instances\Instances\Standart 1.21.3\saves\MINECRAFT ELEMENTS\datapacks\minecraft-elements\data\elements\function\stages\vaults\stage_2.mcfunction", "Minecraft Function", 0, 3, 0, 0, 0, 0, 3
"c:\Users\Tim Fischer\curseforge\minecraft\Instances\Instances\Standart 1.21.3\saves\MINECRAFT ELEMENTS\datapacks\minecraft-elements\data\elements\function\stages\vaults\stage_3.mcfunction", "Minecraft Function", 0, 3, 0, 0, 0, 1, 4
"c:\Users\Tim Fischer\curseforge\minecraft\Instances\Instances\Standart 1.21.3\saves\MINECRAFT ELEMENTS\datapacks\minecraft-elements\data\elements\function\test.mcfunction", "Minecraft Function", 0, 0, 0, 0, -409, 0, -409
"c:\Users\Tim Fischer\curseforge\minecraft\Instances\Instances\Standart 1.21.3\saves\MINECRAFT ELEMENTS\datapacks\minecraft-elements\data\elements\function\test\playerdata_transfer.mcfunction", "Minecraft Function", 0, 712, 0, 0, 0, 0, 712
"c:\Users\Tim Fischer\curseforge\minecraft\Instances\Instances\Standart 1.21.3\saves\MINECRAFT ELEMENTS\datapacks\minecraft-elements\data\elements\function\test\stage_sweet_berry.mcfunction", "Minecraft Function", 0, 2, 0, 0, 0, 0, 2
"c:\Users\Tim Fischer\curseforge\minecraft\Instances\Instances\Standart 1.21.3\saves\MINECRAFT ELEMENTS\datapacks\minecraft-elements\data\elements\function\tick.mcfunction", "Minecraft Function", 0, -12, 0, 0, -2, 7, -7
"c:\Users\Tim Fischer\curseforge\minecraft\Instances\Instances\Standart 1.21.3\saves\MINECRAFT ELEMENTS\datapacks\minecraft-elements\data\elements\function\uniques\get_dimension.mcfunction", "Minecraft Function", 0, 4, 0, 0, 0, 0, 4
"c:\Users\Tim Fischer\curseforge\minecraft\Instances\Instances\Standart 1.21.3\saves\MINECRAFT ELEMENTS\datapacks\minecraft-elements\data\elements\function\uniques\get_name.mcfunction", "Minecraft Function", 0, 1, 0, 0, 0, 0, 1
"c:\Users\Tim Fischer\curseforge\minecraft\Instances\Instances\Standart 1.21.3\saves\MINECRAFT ELEMENTS\datapacks\minecraft-elements\data\elements\function\uniques\set_name.mcfunction", "Minecraft Function", 0, 1, 0, 0, 0, 1, 2
"c:\Users\Tim Fischer\curseforge\minecraft\Instances\Instances\Standart 1.21.3\saves\MINECRAFT ELEMENTS\datapacks\minecraft-elements\data\elements\function\uniques\trigger\allium_ghg\random.mcfunction", "Minecraft Function", 0, 2, 0, 0, 0, 0, 2
"c:\Users\Tim Fischer\curseforge\minecraft\Instances\Instances\Standart 1.21.3\saves\MINECRAFT ELEMENTS\datapacks\minecraft-elements\data\elements\function\uniques\trigger\allium_ghg\trigger.mcfunction", "Minecraft Function", 0, 20, 0, 0, 1, 10, 31
"c:\Users\Tim Fischer\curseforge\minecraft\Instances\Instances\Standart 1.21.3\saves\MINECRAFT ELEMENTS\datapacks\minecraft-elements\data\elements\function\uniques\trigger\amboesse\amboesse.mcfunction", "Minecraft Function", 0, 20, 0, 0, 1, 10, 31
"c:\Users\Tim Fischer\curseforge\minecraft\Instances\Instances\Standart 1.21.3\saves\MINECRAFT ELEMENTS\datapacks\minecraft-elements\data\elements\function\uniques\trigger\amboesse\get_data.mcfunction", "Minecraft Function", 0, 3, 0, 0, 0, 1, 4
"c:\Users\Tim Fischer\curseforge\minecraft\Instances\Instances\Standart 1.21.3\saves\MINECRAFT ELEMENTS\datapacks\minecraft-elements\data\elements\function\uniques\trigger\amboesse\pre.mcfunction", "Minecraft Function", 0, 1, 0, 0, 0, 0, 1
"c:\Users\Tim Fischer\curseforge\minecraft\Instances\Instances\Standart 1.21.3\saves\MINECRAFT ELEMENTS\datapacks\minecraft-elements\data\elements\function\uniques\trigger\auf_log.mcfunction", "Minecraft Function", 0, 20, 0, 0, 1, 10, 31
"c:\Users\Tim Fischer\curseforge\minecraft\Instances\Instances\Standart 1.21.3\saves\MINECRAFT ELEMENTS\datapacks\minecraft-elements\data\elements\function\uniques\trigger\bug_abuser.mcfunction", "Minecraft Function", 0, 20, 0, 0, 1, 10, 31
"c:\Users\Tim Fischer\curseforge\minecraft\Instances\Instances\Standart 1.21.3\saves\MINECRAFT ELEMENTS\datapacks\minecraft-elements\data\elements\function\uniques\trigger\digda_splitter.mcfunction", "Minecraft Function", 0, 20, 0, 0, 1, 10, 31
"c:\Users\Tim Fischer\curseforge\minecraft\Instances\Instances\Standart 1.21.3\saves\MINECRAFT ELEMENTS\datapacks\minecraft-elements\data\elements\function\uniques\trigger\fragment_der_himmelswarze\random.mcfunction", "Minecraft Function", 0, 2, 0, 0, 0, 0, 2
"c:\Users\Tim Fischer\curseforge\minecraft\Instances\Instances\Standart 1.21.3\saves\MINECRAFT ELEMENTS\datapacks\minecraft-elements\data\elements\function\uniques\trigger\fragment_der_himmelswarze\trigger.mcfunction", "Minecraft Function", 0, 20, 0, 0, 1, 10, 31
"c:\Users\Tim Fischer\curseforge\minecraft\Instances\Instances\Standart 1.21.3\saves\MINECRAFT ELEMENTS\datapacks\minecraft-elements\data\elements\function\uniques\trigger\hasenpfote\random.mcfunction", "Minecraft Function", 0, 2, 0, 0, 0, 0, 2
"c:\Users\Tim Fischer\curseforge\minecraft\Instances\Instances\Standart 1.21.3\saves\MINECRAFT ELEMENTS\datapacks\minecraft-elements\data\elements\function\uniques\trigger\hasenpfote\trigger.mcfunction", "Minecraft Function", 0, 20, 0, 0, 1, 10, 31
"c:\Users\Tim Fischer\curseforge\minecraft\Instances\Instances\Standart 1.21.3\saves\MINECRAFT ELEMENTS\datapacks\minecraft-elements\data\elements\function\uniques\trigger\honiggolemelixir.mcfunction", "Minecraft Function", 0, 20, 0, 0, 1, 10, 31
"c:\Users\Tim Fischer\curseforge\minecraft\Instances\Instances\Standart 1.21.3\saves\MINECRAFT ELEMENTS\datapacks\minecraft-elements\data\elements\function\uniques\trigger\jos_stoff\random.mcfunction", "Minecraft Function", 0, 2, 0, 0, 0, 0, 2
"c:\Users\Tim Fischer\curseforge\minecraft\Instances\Instances\Standart 1.21.3\saves\MINECRAFT ELEMENTS\datapacks\minecraft-elements\data\elements\function\uniques\trigger\jos_stoff\trigger.mcfunction", "Minecraft Function", 0, 20, 0, 0, 1, 10, 31
"c:\Users\Tim Fischer\curseforge\minecraft\Instances\Instances\Standart 1.21.3\saves\MINECRAFT ELEMENTS\datapacks\minecraft-elements\data\elements\function\uniques\trigger\mosh_pit\random.mcfunction", "Minecraft Function", 0, 2, 0, 0, 0, 0, 2
"c:\Users\Tim Fischer\curseforge\minecraft\Instances\Instances\Standart 1.21.3\saves\MINECRAFT ELEMENTS\datapacks\minecraft-elements\data\elements\function\uniques\trigger\mosh_pit\trigger.mcfunction", "Minecraft Function", 0, 20, 0, 0, 1, 10, 31
"c:\Users\Tim Fischer\curseforge\minecraft\Instances\Instances\Standart 1.21.3\saves\MINECRAFT ELEMENTS\datapacks\minecraft-elements\data\elements\function\uniques\trigger\nasser_klumpen.mcfunction", "Minecraft Function", 0, 20, 0, 0, 1, 10, 31
"c:\Users\Tim Fischer\curseforge\minecraft\Instances\Instances\Standart 1.21.3\saves\MINECRAFT ELEMENTS\datapacks\minecraft-elements\data\elements\function\uniques\trigger\ork_schatz\random.mcfunction", "Minecraft Function", 0, 2, 0, 0, 0, 0, 2
"c:\Users\Tim Fischer\curseforge\minecraft\Instances\Instances\Standart 1.21.3\saves\MINECRAFT ELEMENTS\datapacks\minecraft-elements\data\elements\function\uniques\trigger\ork_schatz\trigger.mcfunction", "Minecraft Function", 0, 20, 0, 0, 1, 10, 31
"c:\Users\Tim Fischer\curseforge\minecraft\Instances\Instances\Standart 1.21.3\saves\MINECRAFT ELEMENTS\datapacks\minecraft-elements\data\elements\function\uniques\trigger\rolex.mcfunction", "Minecraft Function", 0, 20, 0, 0, 1, 10, 31
"c:\Users\Tim Fischer\curseforge\minecraft\Instances\Instances\Standart 1.21.3\saves\MINECRAFT ELEMENTS\datapacks\minecraft-elements\data\elements\function\uniques\trigger\sparks_papageienfeder.mcfunction", "Minecraft Function", 0, 20, 0, 0, 1, 10, 31
"c:\Users\Tim Fischer\curseforge\minecraft\Instances\Instances\Standart 1.21.3\saves\MINECRAFT ELEMENTS\datapacks\minecraft-elements\data\elements\function\uniques\trigger\taubenkacke\get_data.mcfunction", "Minecraft Function", 0, 3, 0, 0, 0, 1, 4
"c:\Users\Tim Fischer\curseforge\minecraft\Instances\Instances\Standart 1.21.3\saves\MINECRAFT ELEMENTS\datapacks\minecraft-elements\data\elements\function\uniques\trigger\taubenkacke\pre.mcfunction", "Minecraft Function", 0, 1, 0, 0, 0, 0, 1
"c:\Users\Tim Fischer\curseforge\minecraft\Instances\Instances\Standart 1.21.3\saves\MINECRAFT ELEMENTS\datapacks\minecraft-elements\data\elements\function\uniques\trigger\taubenkacke\taubenkacke.mcfunction", "Minecraft Function", 0, 20, 0, 0, 1, 10, 31
"c:\Users\Tim Fischer\curseforge\minecraft\Instances\Instances\Standart 1.21.3\saves\MINECRAFT ELEMENTS\datapacks\minecraft-elements\data\elements\function\uniques\trigger\tomorrowland_karte\get_data.mcfunction", "Minecraft Function", 0, 3, 0, 0, 0, 1, 4
"c:\Users\Tim Fischer\curseforge\minecraft\Instances\Instances\Standart 1.21.3\saves\MINECRAFT ELEMENTS\datapacks\minecraft-elements\data\elements\function\uniques\trigger\tomorrowland_karte\pre.mcfunction", "Minecraft Function", 0, 1, 0, 0, 0, 0, 1
"c:\Users\Tim Fischer\curseforge\minecraft\Instances\Instances\Standart 1.21.3\saves\MINECRAFT ELEMENTS\datapacks\minecraft-elements\data\elements\function\uniques\trigger\tomorrowland_karte\tomorrowland_karte.mcfunction", "Minecraft Function", 0, 20, 0, 0, 1, 10, 31
"c:\Users\Tim Fischer\curseforge\minecraft\Instances\Instances\Standart 1.21.3\saves\MINECRAFT ELEMENTS\datapacks\minecraft-elements\data\elements\function\uniques\trigger\wanderlachs\random.mcfunction", "Minecraft Function", 0, 2, 0, 0, 0, 0, 2
"c:\Users\Tim Fischer\curseforge\minecraft\Instances\Instances\Standart 1.21.3\saves\MINECRAFT ELEMENTS\datapacks\minecraft-elements\data\elements\function\uniques\trigger\wanderlachs\trigger.mcfunction", "Minecraft Function", 0, 20, 0, 0, 1, 10, 31
"c:\Users\Tim Fischer\curseforge\minecraft\Instances\Instances\Standart 1.21.3\saves\MINECRAFT ELEMENTS\datapacks\minecraft-elements\data\elements\function\villager\clementius.mcfunction", "Minecraft Function", 0, 17, 0, 0, 3, 5, 25
"c:\Users\Tim Fischer\curseforge\minecraft\Instances\Instances\Standart 1.21.3\saves\MINECRAFT ELEMENTS\datapacks\minecraft-elements\data\elements\function\villager\mystery.mcfunction", "Minecraft Function", 0, 19, 0, 0, 1, 9, 29
"c:\Users\Tim Fischer\curseforge\minecraft\Instances\Instances\Standart 1.21.3\saves\MINECRAFT ELEMENTS\datapacks\minecraft-elements\data\elements\function\villager\mystery\randomizer.mcfunction", "Minecraft Function", 0, 1, 0, 0, 0, 0, 1
"c:\Users\Tim Fischer\curseforge\minecraft\Instances\Instances\Standart 1.21.3\saves\MINECRAFT ELEMENTS\datapacks\minecraft-elements\data\elements\function\villager\spawning\fisher.mcfunction", "Minecraft Function", 0, 6, 0, 0, 2, 5, 13
"c:\Users\Tim Fischer\curseforge\minecraft\Instances\Instances\Standart 1.21.3\saves\MINECRAFT ELEMENTS\datapacks\minecraft-elements\data\elements\function\villager\spawning\fisher_final.mcfunction", "Minecraft Function", 0, 30, 0, 0, 0, 2, 32
"c:\Users\Tim Fischer\curseforge\minecraft\Instances\Instances\Standart 1.21.3\saves\MINECRAFT ELEMENTS\datapacks\minecraft-elements\data\elements\function\villager\spawning\main.mcfunction", "Minecraft Function", 0, 2, 0, 0, 0, 1, 3
"c:\Users\Tim Fischer\curseforge\minecraft\Instances\Instances\Standart 1.21.3\saves\MINECRAFT ELEMENTS\datapacks\minecraft-elements\data\elements\function\villager\spawning\stage_4.mcfunction", "Minecraft Function", 0, 12, 0, 0, 0, 5, 17
"c:\Users\Tim Fischer\curseforge\minecraft\Instances\Instances\Standart 1.21.3\saves\MINECRAFT ELEMENTS\datapacks\minecraft-elements\data\elements\function\villager\spawning\stage_4_final.mcfunction", "Minecraft Function", 0, 4, 0, 0, 0, 1, 5
"c:\Users\Tim Fischer\curseforge\minecraft\Instances\Instances\Standart 1.21.3\saves\MINECRAFT ELEMENTS\datapacks\minecraft-elements\data\elements\function\villager\techniker.mcfunction", "Minecraft Function", 0, 0, 0, 0, -1, 0, -1
"c:\Users\Tim Fischer\curseforge\minecraft\Instances\Instances\Standart 1.21.3\saves\MINECRAFT ELEMENTS\datapacks\minecraft-elements\data\elements\function\villager\techniker_sprueche\random_fakten.mcfunction", "Minecraft Function", 0, 1, 0, 0, 0, 0, 1
"c:\Users\Tim Fischer\curseforge\minecraft\Instances\Instances\Standart 1.21.3\saves\MINECRAFT ELEMENTS\datapacks\minecraft-elements\data\elements\loot_table\fishing_treasure_no-trigger.json", "JSON", -83, 0, 0, 0, 0, -1, -84
"c:\Users\Tim Fischer\curseforge\minecraft\Instances\Instances\Standart 1.21.3\saves\MINECRAFT ELEMENTS\datapacks\minecraft-elements\data\elements\loot_table\items\boss_loot\stage_1.json", "JSON", 56, 0, 0, 0, 0, 2, 58
"c:\Users\Tim Fischer\curseforge\minecraft\Instances\Instances\Standart 1.21.3\saves\MINECRAFT ELEMENTS\datapacks\minecraft-elements\data\elements\loot_table\items\boss_loot\stage_2.json", "JSON", 69, 0, 0, 0, 0, 0, 69
"c:\Users\Tim Fischer\curseforge\minecraft\Instances\Instances\Standart 1.21.3\saves\MINECRAFT ELEMENTS\datapacks\minecraft-elements\data\elements\loot_table\items\boss_loot\stage_3.json", "JSON", 73, 0, 0, 0, 0, 0, 73
"c:\Users\Tim Fischer\curseforge\minecraft\Instances\Instances\Standart 1.21.3\saves\MINECRAFT ELEMENTS\datapacks\minecraft-elements\data\elements\loot_table\items\boss_spawing\stage_4.json", "JSON", 75, 0, 0, 0, 0, 0, 75
"c:\Users\Tim Fischer\curseforge\minecraft\Instances\Instances\Standart 1.21.3\saves\MINECRAFT ELEMENTS\datapacks\minecraft-elements\data\elements\loot_table\items\compressed\fishing_token.json", "JSON", 59, 0, 0, 0, 0, 0, 59
"c:\Users\Tim Fischer\curseforge\minecraft\Instances\Instances\Standart 1.21.3\saves\MINECRAFT ELEMENTS\datapacks\minecraft-elements\data\elements\loot_table\items\compressed\sweet_berries.json", "JSON", 69, 0, 0, 0, 0, 0, 69
"c:\Users\Tim Fischer\curseforge\minecraft\Instances\Instances\Standart 1.21.3\saves\MINECRAFT ELEMENTS\datapacks\minecraft-elements\data\elements\loot_table\items\customs\hype-o-meter.json", "JSON", 96, 0, 0, 0, 0, 1, 97
"c:\Users\Tim Fischer\curseforge\minecraft\Instances\Instances\Standart 1.21.3\saves\MINECRAFT ELEMENTS\datapacks\minecraft-elements\data\elements\loot_table\items\element_bow\common.json", "JSON", 72, 0, 0, 0, 0, 0, 72
"c:\Users\Tim Fischer\curseforge\minecraft\Instances\Instances\Standart 1.21.3\saves\MINECRAFT ELEMENTS\datapacks\minecraft-elements\data\elements\loot_table\items\element_bow\epic.json", "JSON", 71, 0, 0, 0, 0, 0, 71
"c:\Users\Tim Fischer\curseforge\minecraft\Instances\Instances\Standart 1.21.3\saves\MINECRAFT ELEMENTS\datapacks\minecraft-elements\data\elements\loot_table\items\element_bow\legendary.json", "JSON", 71, 0, 0, 0, 0, 0, 71
"c:\Users\Tim Fischer\curseforge\minecraft\Instances\Instances\Standart 1.21.3\saves\MINECRAFT ELEMENTS\datapacks\minecraft-elements\data\elements\loot_table\items\element_bow\mythic.json", "JSON", 86, 0, 0, 0, 0, 0, 86
"c:\Users\Tim Fischer\curseforge\minecraft\Instances\Instances\Standart 1.21.3\saves\MINECRAFT ELEMENTS\datapacks\minecraft-elements\data\elements\loot_table\items\element_bow\rare.json", "JSON", 71, 0, 0, 0, 0, 0, 71
"c:\Users\Tim Fischer\curseforge\minecraft\Instances\Instances\Standart 1.21.3\saves\MINECRAFT ELEMENTS\datapacks\minecraft-elements\data\elements\loot_table\items\mystery\template.json", "JSON", -22, 0, 0, 0, 0, 0, -22
"c:\Users\Tim Fischer\curseforge\minecraft\Instances\Instances\Standart 1.21.3\saves\MINECRAFT ELEMENTS\datapacks\minecraft-elements\data\elements\loot_table\items\other\bonemeal.json", "JSON", 35, 0, 0, 0, 0, 0, 35
"c:\Users\Tim Fischer\curseforge\minecraft\Instances\Instances\Standart 1.21.3\saves\MINECRAFT ELEMENTS\datapacks\minecraft-elements\data\elements\loot_table\items\other\element_shard.json", "JSON", 74, 0, 0, 0, 0, 1, 75
"c:\Users\Tim Fischer\curseforge\minecraft\Instances\Instances\Standart 1.21.3\saves\MINECRAFT ELEMENTS\datapacks\minecraft-elements\data\elements\loot_table\items\other\element_shard_block.json", "JSON", 74, 0, 0, 0, 0, 1, 75
"c:\Users\Tim Fischer\curseforge\minecraft\Instances\Instances\Standart 1.21.3\saves\MINECRAFT ELEMENTS\datapacks\minecraft-elements\data\elements\loot_table\items\shops\ocean\bossfrucht\stage_4.json", "JSON", 92, 0, 0, 0, 0, 0, 92
"c:\Users\Tim Fischer\curseforge\minecraft\Instances\Instances\Standart 1.21.3\saves\MINECRAFT ELEMENTS\datapacks\minecraft-elements\data\elements\loot_table\items\uniques\bosse\amboesse.json", "JSON", 89, 0, 0, 0, 0, 1, 90
"c:\Users\Tim Fischer\curseforge\minecraft\Instances\Instances\Standart 1.21.3\saves\MINECRAFT ELEMENTS\datapacks\minecraft-elements\data\elements\loot_table\items\uniques\bosse\taubenkacke.json", "JSON", 89, 0, 0, 0, 0, 1, 90
"c:\Users\Tim Fischer\curseforge\minecraft\Instances\Instances\Standart 1.21.3\saves\MINECRAFT ELEMENTS\datapacks\minecraft-elements\data\elements\loot_table\items\uniques\bosse\tomorrowland_karte.json", "JSON", 86, 0, 0, 0, 0, 1, 87
"c:\Users\Tim Fischer\curseforge\minecraft\Instances\Instances\Standart 1.21.3\saves\MINECRAFT ELEMENTS\datapacks\minecraft-elements\data\elements\loot_table\items\uniques\collection_farming\fragment_der_himmelswarze.json", "JSON", 78, 0, 0, 0, 0, 0, 78
"c:\Users\Tim Fischer\curseforge\minecraft\Instances\Instances\Standart 1.21.3\saves\MINECRAFT ELEMENTS\datapacks\minecraft-elements\data\elements\loot_table\items\uniques\collection_farming\ork_schatz.json", "JSON", 88, 0, 0, 0, 0, 1, 89
"c:\Users\Tim Fischer\curseforge\minecraft\Instances\Instances\Standart 1.21.3\saves\MINECRAFT ELEMENTS\datapacks\minecraft-elements\data\elements\loot_table\items\uniques\collection_farming\wanderlachs.json", "JSON", 78, 0, 0, 0, 0, 0, 78
"c:\Users\Tim Fischer\curseforge\minecraft\Instances\Instances\Standart 1.21.3\saves\MINECRAFT ELEMENTS\datapacks\minecraft-elements\data\elements\loot_table\items\uniques\collections\auf_log.json", "JSON", 88, 0, 0, 0, 0, 1, 89
"c:\Users\Tim Fischer\curseforge\minecraft\Instances\Instances\Standart 1.21.3\saves\MINECRAFT ELEMENTS\datapacks\minecraft-elements\data\elements\loot_table\items\uniques\collections\bruchstueck_der_eismauer.json", "JSON", 10, 0, 0, 0, 0, 2, 12
"c:\Users\Tim Fischer\curseforge\minecraft\Instances\Instances\Standart 1.21.3\saves\MINECRAFT ELEMENTS\datapacks\minecraft-elements\data\elements\loot_table\items\uniques\collections\bug_abuser.json", "JSON", 90, 0, 0, 0, 0, 0, 90
"c:\Users\Tim Fischer\curseforge\minecraft\Instances\Instances\Standart 1.21.3\saves\MINECRAFT ELEMENTS\datapacks\minecraft-elements\data\elements\loot_table\items\uniques\miningxp\digda_splitter.json", "JSON", 89, 0, 0, 0, 0, 1, 90
"c:\Users\Tim Fischer\curseforge\minecraft\Instances\Instances\Standart 1.21.3\saves\MINECRAFT ELEMENTS\datapacks\minecraft-elements\data\elements\loot_table\items\uniques\miningxp\honiggolem_elixir.json", "JSON", 80, 0, 0, 0, 0, 1, 81
"c:\Users\Tim Fischer\curseforge\minecraft\Instances\Instances\Standart 1.21.3\saves\MINECRAFT ELEMENTS\datapacks\minecraft-elements\data\elements\loot_table\items\uniques\miningxp\nasser_klumpen.json", "JSON", 89, 0, 0, 0, 0, 1, 90
"c:\Users\Tim Fischer\curseforge\minecraft\Instances\Instances\Standart 1.21.3\saves\MINECRAFT ELEMENTS\datapacks\minecraft-elements\data\elements\loot_table\items\uniques\miningxp\sparks_papageienfeder.json", "JSON", 77, 0, 0, 0, 0, 1, 78
"c:\Users\Tim Fischer\curseforge\minecraft\Instances\Instances\Standart 1.21.3\saves\MINECRAFT ELEMENTS\datapacks\minecraft-elements\data\elements\loot_table\items\uniques\other\rolex.json", "JSON", 77, 0, 0, 0, 0, 1, 78
"c:\Users\Tim Fischer\curseforge\minecraft\Instances\Instances\Standart 1.21.3\saves\MINECRAFT ELEMENTS\datapacks\minecraft-elements\data\elements\loot_table\items\uniques\shops\allium_ghg.json", "JSON", 89, 0, 0, 0, 0, 1, 90
"c:\Users\Tim Fischer\curseforge\minecraft\Instances\Instances\Standart 1.21.3\saves\MINECRAFT ELEMENTS\datapacks\minecraft-elements\data\elements\loot_table\items\uniques\shops\hasenpfote.json", "JSON", 77, 0, 0, 0, 0, 1, 78
"c:\Users\Tim Fischer\curseforge\minecraft\Instances\Instances\Standart 1.21.3\saves\MINECRAFT ELEMENTS\datapacks\minecraft-elements\data\elements\loot_table\items\uniques\shops\jos_stoff.json", "JSON", 89, 0, 0, 0, 0, 1, 90
"c:\Users\Tim Fischer\curseforge\minecraft\Instances\Instances\Standart 1.21.3\saves\MINECRAFT ELEMENTS\datapacks\minecraft-elements\data\elements\loot_table\items\uniques\shops\mosh_pit.json", "JSON", 90, 0, 0, 0, 0, 1, 91
"c:\Users\Tim Fischer\curseforge\minecraft\Instances\Instances\Standart 1.21.3\saves\MINECRAFT ELEMENTS\datapacks\minecraft-elements\data\elements\tags\block\farmslots\stage_3_broken.json", "JSON", 0, 0, 0, 0, 0, 1, 1
"c:\Users\Tim Fischer\curseforge\minecraft\Instances\Instances\Standart 1.21.3\saves\MINECRAFT ELEMENTS\datapacks\minecraft-elements\data\elements\tags\block\farmslots\stage_4_broken.json", "JSON", 7, 0, 0, 0, 0, 1, 8
"c:\Users\Tim Fischer\curseforge\minecraft\Instances\Instances\Standart 1.21.3\saves\MINECRAFT ELEMENTS\datapacks\minecraft-elements\data\minecraft\damage_type\boss_stage_1.json", "JSON", -6, 0, 0, 0, 0, 0, -6
"c:\Users\Tim Fischer\curseforge\minecraft\Instances\Instances\Standart 1.21.3\saves\MINECRAFT ELEMENTS\datapacks\minecraft-elements\data\minecraft\damage_type\boss_stage_2.json", "JSON", -6, 0, 0, 0, 0, 0, -6
"c:\Users\Tim Fischer\curseforge\minecraft\Instances\Instances\Standart 1.21.3\saves\MINECRAFT ELEMENTS\datapacks\minecraft-elements\data\minecraft\damage_type\boss_stage_3.json", "JSON", -6, 0, 0, 0, 0, 0, -6
"c:\Users\Tim Fischer\curseforge\minecraft\Instances\Instances\Standart 1.21.3\saves\MINECRAFT ELEMENTS\datapacks\minecraft-elements\data\minecraft\loot_table\blocks\ender_chest.json", "JSON", 120, 0, 0, 0, 0, 0, 120
"c:\Users\Tim Fischer\curseforge\minecraft\Instances\Instances\Standart 1.21.3\saves\MINECRAFT ELEMENTS\datapacks\minecraft-elements\data\minecraft\loot_table\blocks\sweet_berry_bush.json", "JSON", 6, 0, 0, 0, 0, 1, 7
"c:\Users\Tim Fischer\curseforge\minecraft\Instances\Instances\Standart 1.21.3\saves\MINECRAFT ELEMENTS\datapacks\minecraft-elements\data\minecraft\loot_table\blocks\weeping_vines.json", "JSON", -37, 0, 0, 0, 0, 2, -35
"c:\Users\Tim Fischer\curseforge\minecraft\Instances\Instances\Standart 1.21.3\saves\MINECRAFT ELEMENTS\datapacks\minecraft-elements\data\minecraft\loot_table\blocks\weeping_vines_plant.json", "JSON", -37, 0, 0, 0, 0, 1, -36
"c:\Users\Tim Fischer\curseforge\minecraft\Instances\Instances\Standart 1.21.3\saves\MINECRAFT ELEMENTS\datapacks\minecraft-elements\data\minecraft\loot_table\entities\creeper.json", "JSON", 175, 0, 0, 0, 0, 0, 175
"c:\Users\Tim Fischer\curseforge\minecraft\Instances\Instances\Standart 1.21.3\saves\MINECRAFT ELEMENTS\datapacks\minecraft-elements\data\minecraft\loot_table\entities\skeleton.json", "JSON", 185, 0, 0, 0, 0, 0, 185
"c:\Users\Tim Fischer\curseforge\minecraft\Instances\Instances\Standart 1.21.3\saves\MINECRAFT ELEMENTS\datapacks\minecraft-elements\data\minecraft\loot_table\entities\zombie.json", "JSON", 226, 0, 0, 0, 0, 0, 226
"c:\Users\Tim Fischer\curseforge\minecraft\Instances\Instances\Standart 1.21.3\saves\MINECRAFT ELEMENTS\datapacks\minecraft-elements\data\minecraft\loot_table\entities\zombified_piglin.json", "JSON", 119, 0, 0, 0, 0, 0, 119
"c:\Users\Tim Fischer\curseforge\minecraft\Instances\Instances\Standart 1.21.3\saves\MINECRAFT ELEMENTS\datapacks\minecraft-elements\data\minecraft\loot_table\gameplay\fishing.json", "JSON", 10, 0, 0, 0, 0, 0, 10
"c:\Users\Tim Fischer\curseforge\minecraft\Instances\Instances\Standart 1.21.3\saves\MINECRAFT ELEMENTS\datapacks\minecraft-elements\data\minecraft\loot_table\gameplay\fishing\coral.json", "JSON", 88, 0, 0, 0, 0, 0, 88
"c:\Users\Tim Fischer\curseforge\minecraft\Instances\Instances\Standart 1.21.3\saves\MINECRAFT ELEMENTS\datapacks\minecraft-elements\data\minecraft\loot_table\gameplay\fishing\fish.json", "JSON", 10, 0, 0, 0, 0, 0, 10
"c:\Users\Tim Fischer\curseforge\minecraft\Instances\Instances\Standart 1.21.3\saves\MINECRAFT ELEMENTS\datapacks\minecraft-elements\data\minecraft\loot_table\gameplay\fishing\junk.json", "JSON", 162, 0, 0, 0, 0, 0, 162
"c:\Users\Tim Fischer\curseforge\minecraft\Instances\Instances\Standart 1.21.3\saves\MINECRAFT ELEMENTS\datapacks\minecraft-elements\data\minecraft\loot_table\gameplay\fishing\treasure.json", "JSON", 219, 0, 0, 0, 0, 0, 219
"c:\Users\Tim Fischer\curseforge\minecraft\Instances\Instances\Standart 1.21.3\saves\MINECRAFT ELEMENTS\datapacks\minecraft-elements\data\minecraft\loot_table\gameplay\piglin_bartering.json", "JSON", 269, 0, 0, 0, 0, 0, 269
"c:\Users\Tim Fischer\curseforge\minecraft\Instances\Instances\Standart 1.21.3\saves\MINECRAFT ELEMENTS\datapacks\minecraft-elements\data\minecraft\recipe\anvil.json", "JSON", 17, 0, 0, 0, 0, 0, 17
"c:\Users\Tim Fischer\curseforge\minecraft\Instances\Instances\Standart 1.21.3\saves\MINECRAFT ELEMENTS\datapacks\minecraft-elements\data\minecraft\recipe\ice.json", "JSON", 19, 0, 0, 0, 0, 0, 19
"Total", "-", 4169, 2570, 2298, 1772, -267, 574, 11116